"Season","Week","Player_ID","Cum_Race_points","Rank","Date"
2025,1,"Alcaraz Carlos",0,1,NA
2025,2,"Alcaraz Carlos",0,28,NA
2025,3,"Alcaraz Carlos",0,40,NA
2025,4,"Alcaraz Carlos",0,47,NA
2025,5,"Alcaraz Carlos",400,9,2025-01-26
2025,6,"Alcaraz Carlos",400,10,NA
2025,7,"Alcaraz Carlos",900,3,2025-02-09
2025,8,"Alcaraz Carlos",900,3,NA
2025,9,"Alcaraz Carlos",1000,3,2025-02-23
2025,10,"Alcaraz Carlos",1000,4,NA
2025,11,"Alcaraz Carlos",1000,4,NA
2025,12,"Alcaraz Carlos",1400,4,2025-03-16
2025,13,"Alcaraz Carlos",1400,4,NA
2025,14,"Alcaraz Carlos",1430,5,2025-03-30
2025,15,"Alcaraz Carlos",1430,5,NA
2025,16,"Alcaraz Carlos",2430,1,2025-04-13
2025,17,"Alcaraz Carlos",2760,1,2025-04-20
2025,18,"Alcaraz Carlos",2760,1,NA
2025,19,"Alcaraz Carlos",2760,1,NA
2025,20,"Alcaraz Carlos",2760,1,NA
2025,21,"Alcaraz Carlos",3760,1,2025-05-18
2025,22,"Alcaraz Carlos",3760,1,NA
2025,23,"Alcaraz Carlos",3760,1,NA
2025,24,"Alcaraz Carlos",5760,1,2025-06-08
2025,25,"Alcaraz Carlos",5760,1,NA
2025,26,"Alcaraz Carlos",6260,1,2025-06-22
2025,27,"Alcaraz Carlos",6260,1,NA
2025,28,"Alcaraz Carlos",6260,1,NA
2025,29,"Alcaraz Carlos",6260,1,NA
2025,30,"Alcaraz Carlos",6260,1,NA
2025,31,"Alcaraz Carlos",6260,1,NA
2025,32,"Alcaraz Carlos",6260,1,NA
2025,33,"Alcaraz Carlos",6260,1,NA
2025,34,"Alcaraz Carlos",6260,1,NA
2025,35,"Alcaraz Carlos",6260,1,NA
2025,36,"Alcaraz Carlos",6260,1,NA
2025,37,"Alcaraz Carlos",6260,1,NA
2025,38,"Alcaraz Carlos",6260,1,NA
2025,39,"Alcaraz Carlos",6260,1,NA
2025,40,"Alcaraz Carlos",6260,1,NA
2025,41,"Alcaraz Carlos",6260,1,NA
2025,42,"Alcaraz Carlos",6260,1,NA
2025,43,"Alcaraz Carlos",6260,1,NA
2025,44,"Alcaraz Carlos",6260,1,NA
2025,45,"Alcaraz Carlos",6260,1,NA
2025,46,"Alcaraz Carlos",6260,1,NA
2025,47,"Alcaraz Carlos",6260,1,NA
2025,48,"Alcaraz Carlos",6260,1,NA
2025,49,"Alcaraz Carlos",6260,1,NA
2025,50,"Alcaraz Carlos",6260,1,NA
2025,51,"Alcaraz Carlos",6260,1,NA
2025,52,"Alcaraz Carlos",6260,1,NA
2025,1,"Djokovic Novak",0,1,NA
2025,2,"Djokovic Novak",50,12,2025-01-05
2025,3,"Djokovic Novak",50,20,NA
2025,4,"Djokovic Novak",50,23,NA
2025,5,"Djokovic Novak",850,3,2025-01-26
2025,6,"Djokovic Novak",850,3,NA
2025,7,"Djokovic Novak",850,5,NA
2025,8,"Djokovic Novak",850,5,NA
2025,9,"Djokovic Novak",850,6,2025-02-23
2025,10,"Djokovic Novak",850,7,NA
2025,11,"Djokovic Novak",850,7,NA
2025,12,"Djokovic Novak",880,9,2025-03-16
2025,13,"Djokovic Novak",880,9,NA
2025,14,"Djokovic Novak",1530,4,2025-03-30
2025,15,"Djokovic Novak",1530,4,NA
2025,16,"Djokovic Novak",1580,5,2025-04-13
2025,17,"Djokovic Novak",1580,6,NA
2025,18,"Djokovic Novak",1580,6,NA
2025,19,"Djokovic Novak",1610,7,2025-05-04
2025,20,"Djokovic Novak",1610,7,NA
2025,21,"Djokovic Novak",1610,9,NA
2025,22,"Djokovic Novak",1860,6,2025-05-25
2025,23,"Djokovic Novak",1860,6,NA
2025,24,"Djokovic Novak",2660,5,2025-06-08
2025,25,"Djokovic Novak",2660,5,NA
2025,26,"Djokovic Novak",2660,5,NA
2025,27,"Djokovic Novak",2660,5,NA
2025,28,"Djokovic Novak",2660,5,NA
2025,29,"Djokovic Novak",2660,5,NA
2025,30,"Djokovic Novak",2660,5,NA
2025,31,"Djokovic Novak",2660,5,NA
2025,32,"Djokovic Novak",2660,5,NA
2025,33,"Djokovic Novak",2660,5,NA
2025,34,"Djokovic Novak",2660,5,NA
2025,35,"Djokovic Novak",2660,5,NA
2025,36,"Djokovic Novak",2660,5,NA
2025,37,"Djokovic Novak",2660,5,NA
2025,38,"Djokovic Novak",2660,5,NA
2025,39,"Djokovic Novak",2660,5,NA
2025,40,"Djokovic Novak",2660,5,NA
2025,41,"Djokovic Novak",2660,5,NA
2025,42,"Djokovic Novak",2660,5,NA
2025,43,"Djokovic Novak",2660,5,NA
2025,44,"Djokovic Novak",2660,5,NA
2025,45,"Djokovic Novak",2660,5,NA
2025,46,"Djokovic Novak",2660,5,NA
2025,47,"Djokovic Novak",2660,5,NA
2025,48,"Djokovic Novak",2660,5,NA
2025,49,"Djokovic Novak",2660,5,NA
2025,50,"Djokovic Novak",2660,5,NA
2025,51,"Djokovic Novak",2660,5,NA
2025,52,"Djokovic Novak",2660,5,NA
2025,1,"Sinner Jannik",0,1,NA
2025,2,"Sinner Jannik",0,28,NA
2025,3,"Sinner Jannik",0,40,NA
2025,4,"Sinner Jannik",0,47,NA
2025,5,"Sinner Jannik",2000,1,2025-01-26
2025,6,"Sinner Jannik",2000,1,NA
2025,7,"Sinner Jannik",2000,1,NA
2025,8,"Sinner Jannik",2000,1,NA
2025,9,"Sinner Jannik",2000,1,NA
2025,10,"Sinner Jannik",2000,1,NA
2025,11,"Sinner Jannik",2000,1,NA
2025,12,"Sinner Jannik",2000,1,NA
2025,13,"Sinner Jannik",2000,1,NA
2025,14,"Sinner Jannik",2000,1,NA
2025,15,"Sinner Jannik",2000,1,NA
2025,16,"Sinner Jannik",2000,2,NA
2025,17,"Sinner Jannik",2000,3,NA
2025,18,"Sinner Jannik",2000,3,NA
2025,19,"Sinner Jannik",2000,4,NA
2025,20,"Sinner Jannik",2000,4,NA
2025,21,"Sinner Jannik",2650,2,2025-05-18
2025,22,"Sinner Jannik",2650,2,NA
2025,23,"Sinner Jannik",2650,2,NA
2025,24,"Sinner Jannik",3950,2,2025-06-08
2025,25,"Sinner Jannik",3950,2,NA
2025,26,"Sinner Jannik",4000,2,2025-06-22
2025,27,"Sinner Jannik",4000,2,NA
2025,28,"Sinner Jannik",4000,2,NA
2025,29,"Sinner Jannik",4000,2,NA
2025,30,"Sinner Jannik",4000,2,NA
2025,31,"Sinner Jannik",4000,2,NA
2025,32,"Sinner Jannik",4000,2,NA
2025,33,"Sinner Jannik",4000,2,NA
2025,34,"Sinner Jannik",4000,2,NA
2025,35,"Sinner Jannik",4000,2,NA
2025,36,"Sinner Jannik",4000,2,NA
2025,37,"Sinner Jannik",4000,2,NA
2025,38,"Sinner Jannik",4000,2,NA
2025,39,"Sinner Jannik",4000,2,NA
2025,40,"Sinner Jannik",4000,2,NA
2025,41,"Sinner Jannik",4000,2,NA
2025,42,"Sinner Jannik",4000,2,NA
2025,43,"Sinner Jannik",4000,2,NA
2025,44,"Sinner Jannik",4000,2,NA
2025,45,"Sinner Jannik",4000,2,NA
2025,46,"Sinner Jannik",4000,2,NA
2025,47,"Sinner Jannik",4000,2,NA
2025,48,"Sinner Jannik",4000,2,NA
2025,49,"Sinner Jannik",4000,2,NA
2025,50,"Sinner Jannik",4000,2,NA
2025,51,"Sinner Jannik",4000,2,NA
2025,52,"Sinner Jannik",4000,2,NA
2025,1,"Zverev Alexander",0,1,NA
2025,2,"Zverev Alexander",55,11,2025-01-05
2025,3,"Zverev Alexander",55,18,NA
2025,4,"Zverev Alexander",55,21,NA
2025,5,"Zverev Alexander",1355,2,2025-01-26
2025,6,"Zverev Alexander",1355,2,NA
2025,7,"Zverev Alexander",1355,2,NA
2025,8,"Zverev Alexander",1405,2,2025-02-16
2025,9,"Zverev Alexander",1505,2,2025-02-23
2025,10,"Zverev Alexander",1555,2,2025-03-02
2025,11,"Zverev Alexander",1555,2,NA
2025,12,"Zverev Alexander",1585,2,2025-03-16
2025,13,"Zverev Alexander",1585,2,NA
2025,14,"Zverev Alexander",1685,2,2025-03-30
2025,15,"Zverev Alexander",1685,2,NA
2025,16,"Zverev Alexander",1735,3,2025-04-13
2025,17,"Zverev Alexander",2235,2,2025-04-20
2025,18,"Zverev Alexander",2235,2,NA
2025,19,"Zverev Alexander",2335,2,2025-05-04
2025,20,"Zverev Alexander",2335,2,NA
2025,21,"Zverev Alexander",2535,3,2025-05-18
2025,22,"Zverev Alexander",2585,3,2025-05-25
2025,23,"Zverev Alexander",2585,3,NA
2025,24,"Zverev Alexander",2985,3,2025-06-08
2025,25,"Zverev Alexander",3150,3,2025-06-15
2025,26,"Zverev Alexander",3350,3,2025-06-22
2025,27,"Zverev Alexander",3350,3,NA
2025,28,"Zverev Alexander",3350,3,NA
2025,29,"Zverev Alexander",3350,3,NA
2025,30,"Zverev Alexander",3350,3,NA
2025,31,"Zverev Alexander",3350,3,NA
2025,32,"Zverev Alexander",3350,3,NA
2025,33,"Zverev Alexander",3350,3,NA
2025,34,"Zverev Alexander",3350,3,NA
2025,35,"Zverev Alexander",3350,3,NA
2025,36,"Zverev Alexander",3350,3,NA
2025,37,"Zverev Alexander",3350,3,NA
2025,38,"Zverev Alexander",3350,3,NA
2025,39,"Zverev Alexander",3350,3,NA
2025,40,"Zverev Alexander",3350,3,NA
2025,41,"Zverev Alexander",3350,3,NA
2025,42,"Zverev Alexander",3350,3,NA
2025,43,"Zverev Alexander",3350,3,NA
2025,44,"Zverev Alexander",3350,3,NA
2025,45,"Zverev Alexander",3350,3,NA
2025,46,"Zverev Alexander",3350,3,NA
2025,47,"Zverev Alexander",3350,3,NA
2025,48,"Zverev Alexander",3350,3,NA
2025,49,"Zverev Alexander",3350,3,NA
2025,50,"Zverev Alexander",3350,3,NA
2025,51,"Zverev Alexander",3350,3,NA
2025,52,"Zverev Alexander",3350,3,NA
